{
   "name":"custom.remote.python.snmp-base",
   "version":"1.012",
   "type":"python",
   "requiredAgentVersion": "1.101.0",
   "entity":"CUSTOM_DEVICE",
   "processTypeNames":["PYTHON"],
   "technologies": ["SNMP"],
   "favicon": "https://assets.dynatrace.com/global/icons/infographic_rack.png",
   "source":{
      "package":"custom_snmp_base_plugin_remote",
      "packages": ["dtsnmp"],
      "className":"CustomSnmpBasePluginRemote",
      "install_requires": ["pysnmp>=4.4.6", "requests>=2.6.0"],
      "activation":"Remote"
   },
   "metrics":[
      {
         "entity": "CUSTOM_DEVICE",
         "timeseries":{
            "key":"cpu_utilisation",
            "unit":"Percent",
            "displayname":"CPU utilisation",
            "dimensions": ["Index"]
         }
      },
      {
         "entity": "CUSTOM_DEVICE",
         "timeseries":{
            "key":"memory_utilisation",
            "unit":"Percent",
            "displayname":"Memory utilisation",
            "dimensions": ["Storage"]
         }
      },
      {
         "entity": "CUSTOM_DEVICE",
         "timeseries":{
            "key":"disk_utilisation",
            "unit":"Percent",
            "displayname":"Disk utilisation",
            "dimensions": ["Storage"]
         }
      },
      {
         "entity": "CUSTOM_DEVICE",
         "timeseries":{
            "key":"incoming_traffic",
            "unit":"Byte",
            "displayname":"Incoming traffic",
            "dimensions": ["Interface"]
         }
      },
      {
         "entity": "CUSTOM_DEVICE",
         "timeseries":{
            "key":"outgoing_traffic",
            "unit":"Byte",
            "displayname":"Outgoing traffic",
            "dimensions": ["Interface"]
         }
      },
      {
         "entity": "CUSTOM_DEVICE",
         "timeseries":{
            "key":"incoming_packets",
            "unit":"Count",
            "displayname":"Incoming packets",
            "dimensions": ["Interface"]
         }
      },
      {
         "entity": "CUSTOM_DEVICE",
         "timeseries":{
            "key":"outgoing_packets",
            "unit":"Count",
            "displayname":"Outgoing packets",
            "dimensions": ["Interface"]
         }
      },
      {
         "entity": "CUSTOM_DEVICE",
         "timeseries":{
            "key":"incoming_errors",
            "unit":"Count",
            "displayname":"Incoming Errors",
            "dimensions": ["Interface"]
         }
      },
      {
         "entity": "CUSTOM_DEVICE",
         "timeseries":{
            "key":"outgoing_errors",
            "unit":"Count",
            "displayname":"Outgoing errors",
            "dimensions": ["Interface"]
         }
      },
      {
         "entity": "CUSTOM_DEVICE",
         "timeseries":{
            "key":"incoming_discards",
            "unit":"Count",
            "displayname":"Incoming discarded packets",
            "dimensions": ["Interface"]
         }
      },
      {
         "entity": "CUSTOM_DEVICE",
         "timeseries":{
            "key":"outgoing_discards",
            "unit":"Count",
            "displayname":"Outgoing discarded packets",
            "dimensions": ["Interface"]
         }
      }
   ],
   "ui": {
      "keymetrics" : [
         {
            "key": "cpu_utilisation",
            "displayname": "CPU utilisation"
         },
            {
            "key": "incoming_traffic",
            "displayname": "Incoming traffic"
         }
      ],
      "keycharts": [
         {
            "group": "Host-Resource-MIB",
            "title": "Average CPU utilisation",
            "series": [
               {
                  "key": "cpu_utilisation",
                  "displayname": "CPU utilisation",
                  "mergeaggregation": "AVG"
               }
            ]
         },
         {
            "group": "Host-Resource-MIB",
            "title": "Average memory utilisation",
            "series": [
               {
                  "key": "memory_utilisation",
                  "displayname": "Memory utilisation",
                  "mergeaggregation": "AVG"
               }
            ]
         },
         {
            "group": "Host-Resource-MIB",
            "title": "Average disk utilisation",
            "series": [
               {
                  "key": "disk_utilisation",
                  "displayname": "Disk utilisation",
                  "mergeaggregation": "AVG"
               }
            ]
         },
         {
            "group": "IF-MIB",
            "title": "Total incoming traffic",
            "series": [
               {
                  "key": "incoming_traffic",
                  "displayname": "Incoming traffic",
                  "mergeaggregation": "SUM"
               }
            ]
         },
         {
            "group": "IF-MIB",
            "title": "Total incoming packets",
            "series": [
               {
                  "key": "incoming_packets",
                  "displayname": "Incoming packets",
                  "mergeaggregation": "SUM"
               }
            ]
         },
         {
            "group": "IF-MIB",
            "title": "Total incoming errors",
            "series": [
               {
                  "key": "incoming_errors",
                  "displayname": "Incoming errors",
                  "mergeaggregation": "SUM"
               }
            ]
         },
         {
            "group": "IF-MIB",
            "title": "Total outgoing traffic",
            "series": [
               {
                  "key": "outgoing_traffic",
                  "displayname": "Outgoing traffic",
                  "mergeaggregation": "SUM"
               }
            ]
         },
         {
            "group": "IF-MIB",
            "title": "Total outgoing packets",
            "series": [
               {
                  "key": "outgoing_packets",
                  "displayname": "Outgoing packets",
                  "mergeaggregation": "SUM"
               }
            ]
         },
         {
            "group": "IF-MIB",
            "title": "Total outgoing errors",
            "series": [
               {
                  "key": "outgoing_errors",
                  "displayname": "Outgoing errors",
                  "mergeaggregation": "SUM"
               }
            ]
         }
      ],
      "charts": [
         {
            "group": "Host-Resource-MIB",
            "title": "CPU utilisation",
            "series": [
               {
                  "key": "cpu_utilisation",
                  "displayname": "CPU utilisation"
               }
            ]
         },
         {
            "group": "Host-Resource-MIB",
            "title": "Memory utilisation",
            "series": [
               {
                  "key": "memory_utilisation",
                  "displayname": "Memory utilisation"
               }
            ]
         },
         {
            "group": "Host-Resource-MIB",
            "title": "Disk utilisation",
            "series": [
               {
                  "key": "disk_utilisation",
                  "displayname": "Disk utilisation"
               }
            ]
         },
         {
            "group": "IF-MIB",
            "title": "Incoming network traffic",
            "series": [
               {
                  "key": "incoming_traffic",
                  "displayname": "Incoming traffic"
               },
               {
                  "key": "incoming_packets",
                  "displayname": "Incoming packets",
                  "seriestype": "line"
               },
               {
                  "key": "incoming_errors",
                  "displayname": "Incoming errors",
                  "seriestype": "line"
               },
               {
                  "key": "incoming_discards",
                  "displayname": "Incoming discards",
                  "seriestype": "line"
               }
            ]
         },
         {
            "group": "IF-MIB",
            "title": "Outgoing network traffic",
            "series": [
               {
                  "key": "outgoing_traffic",
                  "displayname": "Outgoing traffic"
               },
               {
                  "key": "outgoing_packets",
                  "displayname": "Outgoing packets",
                  "seriestype": "line"
               },
               {
                  "key": "outgoing_errors",
                  "displayname": "Outgoing errors",
                  "seriestype": "line"
               },
               {
                  "key": "outgoing_discards",
                  "displayname": "Outgoing discards",
                  "seriestype": "line"
               }
            ]
         }
      ]
   },
   "properties": [
      {
         "key": "device_type",
         "type": "String"
      },
      {
         "key": "hostname",
         "type": "String"
      },
      {
         "key": "snmp_version",
         "type": "String"
      },
      {
         "key": "snmp_user",
         "type": "Password"
      },
      {
         "key": "auth_protocol",
         "type": "String"
      },
      {
         "key": "auth_key",
         "type": "Password"
      },
      {
         "key": "priv_protocol",
         "type": "String"
      },
      {
         "key": "priv_key",
         "type": "Password"
      },
      {
         "key": "group",
         "type": "String"
      },
      {
         "key": "debug",
         "type": "Boolean"
      }
   ],
   "configUI" :{
      "displayName": "SNMP Base",
      "properties" : [
         { "key" : "device_type", "displayName": "Type of Device", "displayOrder": 1, "displayHint": "Only used for metric management" },
         { "key" : "hostname", "displayName": "Hostname/IP of device", "displayOrder": 2, "displayHint": "127.0.0.1[:161]" },
         { "key" : "snmp_version", "displayName": "SNMP Version", "displayOrder": 3, "displayHint": "2/3" },
         { "key" : "snmp_user", "displayName": "SNMP auth user or community name", "displayOrder": 4, "displayHint": ""},
         { "key" : "auth_protocol", "displayName": "SNMP v3 Auth protocol", "displayOrder": 5, "displayHint": "MD5/SHA (v3 only)"},
         { "key" : "auth_key", "displayName": "SNMP v3 Auth key", "displayOrder": 6, "displayHint": "v3 only"},
         { "key" : "priv_protocol", "displayName": "SNMP v3 Priv protocol", "displayOrder": 7, "displayHint": "AES/DES (v3 only)"},
         { "key" : "priv_key", "displayName": "SNMP v3 Priv key", "displayOrder": 8, "displayHint": "v3 only"},
         { "key" : "debug", "displayName": "Enable debug logging", "displayOrder": 9},
         { "key" : "group", "displayName": "Name of the group", "displayOrder": 10, "displayHint": "Only used for visualization" }
      ]
   }
}
